ID,Title,URL
n024,"府八幡宮楼門","n024.html"
m020,"旧赤松家門・塀","m020.html"
m021,"木造地蔵菩薩坐像","m021.html"
m022,"木造毘沙門天立像","m022.html"
f018,"絹本着色釈迦十六善神画像","f018.html"
t027,"熊野絵巻","t027.html"
s018,"鰐口","s018.html"
u025,"三角縁四神四獣鏡","u025.html"
u026,"堂山古墳出土遺物","u026.html"
m023,"太刀 銘成高","m023.html"
m024,"淡海国玉神社本殿 附棟札5枚","m024.html"
k037,"米塚古墳群","k037.html"
k038,"長者屋敷遺跡","k038.html"
n025,"土器塚古墳","n025.html"
n026,"善導寺大クス","n026.html"
m025,"甲塚のクロガネモチ","m025.html"
t028,"熊野の長フジ","t028.html"
r013,"掛塚祭屋台囃子","r013.html"
s019,"八王子神社米とぎまつり","s019.html"
f019,"中野白山神社十日祭（お箱）","f019.html"
f020,"中野白山神社例祭（白酒）","f020.html"
f021,"氏神様の年始回り","f021.html"
t032,"賀茂神社特殊神饌","t032.html"
t029,"池田やかた祭り","t029.html"
t030,"大めし祭り","t030.html"
t031,"加茂大念仏","t031.html"
o001,"豊岡の遠州大念仏","o001.html"
r014,"掛塚祭竹馬","r014.html"
